{
  "movie": {
    "precision": 1.0,
    "recall": 0.9014084507042254,
    "f1-score": 0.9481481481481481,
    "support": 142,
    "confused_with": {}
  },
  "micro avg": {
    "precision": 1.0,
    "recall": 0.9014084507042254,
    "f1-score": 0.9481481481481481,
    "support": 142
  },
  "macro avg": {
    "precision": 1.0,
    "recall": 0.9014084507042254,
    "f1-score": 0.9481481481481481,
    "support": 142
  },
  "weighted avg": {
    "precision": 1.0,
    "recall": 0.9014084507042254,
    "f1-score": 0.9481481481481481,
    "support": 142
  }
}